Localidad,X,Y
Villamelida, 4.118565,-73.597905
Los trigos, 4.138548, -73.643098

