id,X,Y
Villamelida, 4.118565,-73.597905
Los trigos,4.138547618542827, -73.64307683220245
Llano lindo, 4.123100250605462, -73.64747751685847
Catumare, 4.108521532475746, -73.65239455918643
Parque guatape, 4.099913824647651, -73.64448356103837
Hospital departamental, 4.155818521893985, -73.63957129451185
El rubi,4.100695771039086, -73.63701373617042
La coralina, 4.139434613168436, -73.63777573528502
Los comuneros, 4.123638925710828, -73.62711308802243
